,Features,Importance
1,Format,0.41102514643601284
4,Ground,0.16520822327125725
2,Position,0.11223576962558163
0,Team,0.08709657830031207
3,Venue,0.029113100560396617
